,precision,recall,f1-score,N Predictions
blanket1,0.0,0.0,0.0,3200
blanket2,0.0,0.0,0.0,3200
canvas1,0.29555555555555557,0.083125,0.12975609756097561,3200
ceiling1,0.0,0.0,0.0,3200
ceiling2,0.11395605569602223,1.0,0.20459703973658133,3200
cushion1,0.11356038445465942,0.3396875,0.1702160977137488,3200
floor1,0.0,0.0,0.0,3200
floor2,1.0,0.3871875,0.5582338364496509,3200
grass1,0.0,0.0,0.0,3200
lentils1,0.0,0.0,0.0,3200
linseeds1,0.0,0.0,0.0,3200
oatmeal1,0.0,0.0,0.0,3200
pearlsugar1,0.0,0.0,0.0,3200
rice1,0.0,0.0,0.0,3200
rice2,0.0,0.0,0.0,3200
rug1,0.0,0.0,0.0,3200
sand1,0.0,0.0,0.0,3200
scarf1,0.0,0.0,0.0,3200
scarf2,0.0,0.0,0.0,3200
screen1,0.08238080527237154,1.0,0.15222148225668347,3200
seat1,0.0,0.0,0.0,3200
seat2,0.0,0.0,0.0,3200
sesameseeds1,0.0,0.0,0.0,3200
stone1,0.0,0.0,0.0,3200
stone2,0.0,0.0,0.0,3200
stone3,0.0,0.0,0.0,3200
stoneslab1,0.0,0.0,0.0,3200
wall1,0.09153952843273232,0.103125,0.09698750918442323,3200
,Macro Average
precision,0.0606068689075479
recall,0.10404017857142855
f1-score,0.04685757367507369
support,89600.0
,Weighted Average
precision,0.0606068689075479
recall,0.10404017857142857
f1-score,0.04685757367507369
support,89600.0
,
overall accuracy,0.10404017857142857
