,precision,recall,f1-score,N Predictions
blanket1,0.9826942653545979,0.905,0.9422482511794371,3200
blanket2,1.0,0.9134375,0.9547607382002286,3200
canvas1,0.6546644844517185,1.0,0.791295746785361,3200
ceiling1,1.0,1.0,1.0,3200
ceiling2,1.0,1.0,1.0,3200
cushion1,1.0,1.0,1.0,3200
floor1,1.0,0.9921875,0.996078431372549,3200
floor2,0.6740799576383373,0.795625,0.7298265730256558,3200
grass1,0.854372774040364,0.6746875,0.7539724113846691,3200
lentils1,0.8601871101871101,0.5171875,0.6459797033567525,3200
linseeds1,0.8955042527339003,0.2303125,0.3663932388764604,3200
oatmeal1,0.4445369406867846,0.6675,0.5336664584634603,3200
pearlsugar1,0.9591580270185359,0.9540625,0.9566034779884067,3200
rice1,0.4525984251968504,0.4490625,0.45082352941176473,3200
rice2,1.0,0.0109375,0.021638330757341576,3200
rug1,0.8018942383583267,0.3175,0.45489142601298416,3200
sand1,0.8198821419420959,1.0,0.9010277347599606,3200
scarf1,1.0,1.0,1.0,3200
scarf2,1.0,1.0,1.0,3200
screen1,1.0,0.9890625,0.9945011783189316,3200
seat1,0.9943181818181818,0.984375,0.9893216080402011,3200
seat2,1.0,1.0,1.0,3200
sesameseeds1,1.0,0.9409375,0.9695701175334085,3200
stone1,0.40490367775831876,0.7225,0.5189674523007857,3200
stone2,0.2755395683453237,0.47875,0.34977168949771686,3200
stone3,0.9478656403079077,0.8465625,0.8943545724661605,3200
stoneslab1,0.4466240875912409,0.611875,0.5163502109704642,3200
wall1,1.0,0.9975,0.9987484355444306,3200
,Macro Average
precision,0.8381722776224854
recall,0.7856808035714286
f1-score,0.776099689865969
support,89600.0
,Weighted Average
precision,0.8381722776224857
recall,0.7856808035714286
f1-score,0.776099689865969
support,89600.0
,
overall accuracy,0.7856808035714286
